BEGIN;
INSERT INTO users (id, email, last_seen_at, name, password, profile_picture) VALUES ('8c921266-b744-4619-a4ba-2fe1e032e7a8', 'jamie.jones00037@example.com', '2026-03-02 21:35:00+0000', 'Jamie Jones 00037', '$2a$10$vI8aWBnW3fID.021/sOWcow1Jv/C3Q/WvS22XW.Xw/8G6P4Xm.O2y', NULL),
('78b7f326-8b7c-42ac-93de-80f66e1fb21e', 'jamie.miller00116@example.com', '2026-02-28 21:35:00+0000', 'Jamie Miller 00116', '$2a$10$vI8aWBnW3fID.021/sOWcow1Jv/C3Q/WvS22XW.Xw/8G6P4Xm.O2y', NULL),
('473ff6ad-8158-4951-8692-265b7afd6902', 'riley.wilson00299@example.com', '2026-03-01 21:35:00+0000', 'Riley Wilson 00299', '$2a$10$vI8aWBnW3fID.021/sOWcow1Jv/C3Q/WvS22XW.Xw/8G6P4Xm.O2y', NULL),
('5d9cbb57-6b51-4db3-bc96-1d772b8420a9', 'casey.davis00311@example.com', '2026-02-28 21:35:00+0000', 'Casey Davis 00311', '$2a$10$vI8aWBnW3fID.021/sOWcow1Jv/C3Q/WvS22XW.Xw/8G6P4Xm.O2y', NULL),
('743e7567-26b2-4c13-b61b-c3b7a39d12a2', 'casey.brown00429@example.com', '2026-03-01 21:35:00+0000', 'Casey Brown 00429', '$2a$10$vI8aWBnW3fID.021/sOWcow1Jv/C3Q/WvS22XW.Xw/8G6P4Xm.O2y', NULL),
('1b8259df-3237-4a90-a0d8-11de2af726fa', 'casey.johnson00579@example.com', '2026-03-04 21:35:00+0000', 'Casey Johnson 00579', '$2a$10$vI8aWBnW3fID.021/sOWcow1Jv/C3Q/WvS22XW.Xw/8G6P4Xm.O2y', NULL),
('086652e9-8842-45da-8884-9f1fa82a53c4', 'casey.davis00673@example.com', '2026-03-03 21:35:00+0000', 'Casey Davis 00673', '$2a$10$vI8aWBnW3fID.021/sOWcow1Jv/C3Q/WvS22XW.Xw/8G6P4Xm.O2y', NULL),
('bf4f7a38-704e-4860-9908-ec372854c664', 'morgan.wilson00746@example.com', '2026-03-03 21:35:00+0000', 'Morgan Wilson 00746', '$2a$10$vI8aWBnW3fID.021/sOWcow1Jv/C3Q/WvS22XW.Xw/8G6P4Xm.O2y', NULL),
('b8d9200c-5196-4af9-8fbd-eb6fa3f156ef', 'jamie.jones00888@example.com', '2026-02-27 21:35:00+0000', 'Jamie Jones 00888', '$2a$10$vI8aWBnW3fID.021/sOWcow1Jv/C3Q/WvS22XW.Xw/8G6P4Xm.O2y', NULL),
('a3368095-a9d4-4b04-85de-94c8db4de17d', 'taylor.miller00933@example.com', '2026-02-27 21:35:00+0000', 'Taylor Miller 00933', '$2a$10$vI8aWBnW3fID.021/sOWcow1Jv/C3Q/WvS22XW.Xw/8G6P4Xm.O2y', NULL),
('9b116f82-2588-4dbe-9661-9095ff1bf4dc', 'riley.jones01034@example.com', '2026-03-02 21:35:00+0000', 'Riley Jones 01034', '$2a$10$vI8aWBnW3fID.021/sOWcow1Jv/C3Q/WvS22XW.Xw/8G6P4Xm.O2y', NULL),
('dc7e97ee-0751-4edc-a624-59c3211bd873', 'sam.miller01174@example.com', '2026-02-27 21:35:00+0000', 'Sam Miller 01174', '$2a$10$vI8aWBnW3fID.021/sOWcow1Jv/C3Q/WvS22XW.Xw/8G6P4Xm.O2y', NULL),
('8a55633c-04e4-406f-879a-f86fca4bbfa9', 'morgan.smith01265@example.com', '2026-03-04 21:35:00+0000', 'Morgan Smith 01265', '$2a$10$vI8aWBnW3fID.021/sOWcow1Jv/C3Q/WvS22XW.Xw/8G6P4Xm.O2y', NULL),
('19fc14fe-8805-4a06-a1fb-537825cab627', 'morgan.williams01350@example.com', '2026-02-27 21:35:00+0000', 'Morgan Williams 01350', '$2a$10$vI8aWBnW3fID.021/sOWcow1Jv/C3Q/WvS22XW.Xw/8G6P4Xm.O2y', NULL),
('ddc4c8b3-4449-41f4-a006-dabd30396709', 'taylor.wilson01446@example.com', '2026-03-03 21:35:00+0000', 'Taylor Wilson 01446', '$2a$10$vI8aWBnW3fID.021/sOWcow1Jv/C3Q/WvS22XW.Xw/8G6P4Xm.O2y', NULL),
('4f95802c-881b-42a1-a5e2-cdd17b43c8f4', 'jamie.wilson01591@example.com', '2026-03-03 21:35:00+0000', 'Jamie Wilson 01591', '$2a$10$vI8aWBnW3fID.021/sOWcow1Jv/C3Q/WvS22XW.Xw/8G6P4Xm.O2y', NULL),
('ed0f55d4-b2fa-42b3-a1cf-ef465688a7c3', 'riley.davis01676@example.com', '2026-03-03 21:35:00+0000', 'Riley Davis 01676', '$2a$10$vI8aWBnW3fID.021/sOWcow1Jv/C3Q/WvS22XW.Xw/8G6P4Xm.O2y', NULL),
('e3ca4d51-2961-4b5c-8228-2e67f9ec1d33', 'taylor.williams01739@example.com', '2026-03-04 21:35:00+0000', 'Taylor Williams 01739', '$2a$10$vI8aWBnW3fID.021/sOWcow1Jv/C3Q/WvS22XW.Xw/8G6P4Xm.O2y', NULL),
('dca9cd86-c6de-4eef-99ba-2f8985f0258c', 'sam.johnson01892@example.com', '2026-03-03 21:35:00+0000', 'Sam Johnson 01892', '$2a$10$vI8aWBnW3fID.021/sOWcow1Jv/C3Q/WvS22XW.Xw/8G6P4Xm.O2y', NULL),
('914fb2b0-fece-496e-9e2a-609ad7e0cefc', 'sam.miller01986@example.com', '2026-02-28 21:35:00+0000', 'Sam Miller 01986', '$2a$10$vI8aWBnW3fID.021/sOWcow1Jv/C3Q/WvS22XW.Xw/8G6P4Xm.O2y', NULL),
('de11eb65-d627-40f6-8e32-206cf54fc618', 'jamie.wilson02052@example.com', '2026-02-28 21:35:00+0000', 'Jamie Wilson 02052', '$2a$10$vI8aWBnW3fID.021/sOWcow1Jv/C3Q/WvS22XW.Xw/8G6P4Xm.O2y', NULL),
('34996ec6-bbb4-40d3-b016-58885303ea68', 'morgan.miller02132@example.com', '2026-03-04 21:35:00+0000', 'Morgan Miller 02132', '$2a$10$vI8aWBnW3fID.021/sOWcow1Jv/C3Q/WvS22XW.Xw/8G6P4Xm.O2y', NULL),
('264695c8-5081-4695-90b6-82fb2805ba9f', 'alex.smith02295@example.com', '2026-03-01 21:35:00+0000', 'Alex Smith 02295', '$2a$10$vI8aWBnW3fID.021/sOWcow1Jv/C3Q/WvS22XW.Xw/8G6P4Xm.O2y', NULL),
('31fd9003-23e0-493f-a1f0-044882d1100f', 'chris.jones02321@example.com', '2026-02-27 21:35:00+0000', 'Chris Jones 02321', '$2a$10$vI8aWBnW3fID.021/sOWcow1Jv/C3Q/WvS22XW.Xw/8G6P4Xm.O2y', NULL),
('4d4634ce-8c66-4f71-9b1d-ce8b7a787672', 'jordan.jones02485@example.com', '2026-03-02 21:35:00+0000', 'Jordan Jones 02485', '$2a$10$vI8aWBnW3fID.021/sOWcow1Jv/C3Q/WvS22XW.Xw/8G6P4Xm.O2y', NULL),
('469ad863-6840-4522-8f49-51f490358a05', 'casey.wilson02555@example.com', '2026-02-28 21:35:00+0000', 'Casey Wilson 02555', '$2a$10$vI8aWBnW3fID.021/sOWcow1Jv/C3Q/WvS22XW.Xw/8G6P4Xm.O2y', NULL),
('dbba87cb-2e06-4ce0-8924-e3aaabfa608f', 'sam.davis02673@example.com', '2026-03-04 21:35:00+0000', 'Sam Davis 02673', '$2a$10$vI8aWBnW3fID.021/sOWcow1Jv/C3Q/WvS22XW.Xw/8G6P4Xm.O2y', NULL),
('1c47f16a-0461-401a-8b31-02a32c37bdf6', 'chris.smith02790@example.com', '2026-03-02 21:35:00+0000', 'Chris Smith 02790', '$2a$10$vI8aWBnW3fID.021/sOWcow1Jv/C3Q/WvS22XW.Xw/8G6P4Xm.O2y', NULL),
('b473ea89-a24b-4e5c-9c11-e18efafedc18', 'jamie.smith02886@example.com', '2026-02-27 21:35:00+0000', 'Jamie Smith 02886', '$2a$10$vI8aWBnW3fID.021/sOWcow1Jv/C3Q/WvS22XW.Xw/8G6P4Xm.O2y', NULL),
('4ea46474-d531-440d-a97e-7d18783d7287', 'taylor.wilson02984@example.com', '2026-03-04 21:35:00+0000', 'Taylor Wilson 02984', '$2a$10$vI8aWBnW3fID.021/sOWcow1Jv/C3Q/WvS22XW.Xw/8G6P4Xm.O2y', NULL),
('3724efc3-3470-45b5-8a53-e4d42d681c3a', 'drew.miller03087@example.com', '2026-02-28 21:35:00+0000', 'Drew Miller 03087', '$2a$10$vI8aWBnW3fID.021/sOWcow1Jv/C3Q/WvS22XW.Xw/8G6P4Xm.O2y', NULL),
('a97f7343-05eb-4216-a193-a814b3d70882', 'sam.johnson03113@example.com', '2026-03-02 21:35:00+0000', 'Sam Johnson 03113', '$2a$10$vI8aWBnW3fID.021/sOWcow1Jv/C3Q/WvS22XW.Xw/8G6P4Xm.O2y', NULL),
('82ea734a-ac00-4bf3-a8d2-e979d89b68f4', 'drew.smith03289@example.com', '2026-03-02 21:35:00+0000', 'Drew Smith 03289', '$2a$10$vI8aWBnW3fID.021/sOWcow1Jv/C3Q/WvS22XW.Xw/8G6P4Xm.O2y', NULL),
('cfd29b2e-432c-4347-976d-0a8f9ac77016', 'sam.williams03398@example.com', '2026-03-02 21:35:00+0000', 'Sam Williams 03398', '$2a$10$vI8aWBnW3fID.021/sOWcow1Jv/C3Q/WvS22XW.Xw/8G6P4Xm.O2y', NULL),
('3f9660d7-2a54-4095-ba43-f4270cd27091', 'drew.davis03427@example.com', '2026-03-04 21:35:00+0000', 'Drew Davis 03427', '$2a$10$vI8aWBnW3fID.021/sOWcow1Jv/C3Q/WvS22XW.Xw/8G6P4Xm.O2y', NULL),
('9b3d6b64-be09-4b9f-a26d-f1b37523e02b', 'riley.smith03535@example.com', '2026-03-04 21:35:00+0000', 'Riley Smith 03535', '$2a$10$vI8aWBnW3fID.021/sOWcow1Jv/C3Q/WvS22XW.Xw/8G6P4Xm.O2y', NULL),
('b4fdff16-d6b0-4428-8d67-e73cd69abeee', 'jamie.wilson03611@example.com', '2026-03-04 21:35:00+0000', 'Jamie Wilson 03611', '$2a$10$vI8aWBnW3fID.021/sOWcow1Jv/C3Q/WvS22XW.Xw/8G6P4Xm.O2y', NULL),
('55857d9a-a619-4022-b838-cb4e599b9bf5', 'drew.davis03796@example.com', '2026-03-01 21:35:00+0000', 'Drew Davis 03796', '$2a$10$vI8aWBnW3fID.021/sOWcow1Jv/C3Q/WvS22XW.Xw/8G6P4Xm.O2y', NULL),
('69d7b639-a9f0-4660-acb5-d3c01d3b1f39', 'taylor.williams03873@example.com', '2026-02-27 21:35:00+0000', 'Taylor Williams 03873', '$2a$10$vI8aWBnW3fID.021/sOWcow1Jv/C3Q/WvS22XW.Xw/8G6P4Xm.O2y', NULL),
('cef1927e-b7b4-4f70-b229-dff7185d629f', 'chris.williams03931@example.com', '2026-02-27 21:35:00+0000', 'Chris Williams 03931', '$2a$10$vI8aWBnW3fID.021/sOWcow1Jv/C3Q/WvS22XW.Xw/8G6P4Xm.O2y', NULL),
('772d1f11-922c-449a-bd67-d51181675105', 'drew.williams04026@example.com', '2026-02-27 21:35:00+0000', 'Drew Williams 04026', '$2a$10$vI8aWBnW3fID.021/sOWcow1Jv/C3Q/WvS22XW.Xw/8G6P4Xm.O2y', NULL),
('997ae30e-72b2-4131-b94b-973929eb8371', 'taylor.williams04114@example.com', '2026-03-04 21:35:00+0000', 'Taylor Williams 04114', '$2a$10$vI8aWBnW3fID.021/sOWcow1Jv/C3Q/WvS22XW.Xw/8G6P4Xm.O2y', NULL),
('cafa60c7-e5b7-44cc-86d1-98299ffbbb5c', 'drew.jones04293@example.com', '2026-03-02 21:35:00+0000', 'Drew Jones 04293', '$2a$10$vI8aWBnW3fID.021/sOWcow1Jv/C3Q/WvS22XW.Xw/8G6P4Xm.O2y', NULL),
('c81ede78-2160-41a7-b537-0989eda1efe5', 'morgan.smith04362@example.com', '2026-02-28 21:35:00+0000', 'Morgan Smith 04362', '$2a$10$vI8aWBnW3fID.021/sOWcow1Jv/C3Q/WvS22XW.Xw/8G6P4Xm.O2y', NULL),
('3250d41f-20d5-4638-823f-ef229655dade', 'sam.jones04448@example.com', '2026-02-28 21:35:00+0000', 'Sam Jones 04448', '$2a$10$vI8aWBnW3fID.021/sOWcow1Jv/C3Q/WvS22XW.Xw/8G6P4Xm.O2y', NULL),
('64b55b70-2071-48d6-8f97-33d376392306', 'alex.johnson04564@example.com', '2026-03-03 21:35:00+0000', 'Alex Johnson 04564', '$2a$10$vI8aWBnW3fID.021/sOWcow1Jv/C3Q/WvS22XW.Xw/8G6P4Xm.O2y', NULL),
('0f04a3cf-717b-4e73-9ed9-519c22c9ec03', 'jordan.smith04694@example.com', '2026-02-27 21:35:00+0000', 'Jordan Smith 04694', '$2a$10$vI8aWBnW3fID.021/sOWcow1Jv/C3Q/WvS22XW.Xw/8G6P4Xm.O2y', NULL),
('56457135-b271-4783-bed9-3d162a419025', 'drew.davis04751@example.com', '2026-02-27 21:35:00+0000', 'Drew Davis 04751', '$2a$10$vI8aWBnW3fID.021/sOWcow1Jv/C3Q/WvS22XW.Xw/8G6P4Xm.O2y', NULL),
('5aa67caa-f529-4ff7-addb-bad587a141d1', 'alex.brown04861@example.com', '2026-03-01 21:35:00+0000', 'Alex Brown 04861', '$2a$10$vI8aWBnW3fID.021/sOWcow1Jv/C3Q/WvS22XW.Xw/8G6P4Xm.O2y', NULL),
('8ae99580-6042-434c-8662-192ea7b0b5f1', 'jordan.jones04964@example.com', '2026-03-02 21:35:00+0000', 'Jordan Jones 04964', '$2a$10$vI8aWBnW3fID.021/sOWcow1Jv/C3Q/WvS22XW.Xw/8G6P4Xm.O2y', NULL),
('a67736c6-2341-403e-a238-f46aaa2193a1', 'chris.wilson05042@example.com', '2026-02-27 21:35:00+0000', 'Chris Wilson 05042', '$2a$10$vI8aWBnW3fID.021/sOWcow1Jv/C3Q/WvS22XW.Xw/8G6P4Xm.O2y', NULL),
('40e27f9c-7119-40d6-bd6f-79ce0eec0ac6', 'jamie.davis05136@example.com', '2026-02-27 21:35:00+0000', 'Jamie Davis 05136', '$2a$10$vI8aWBnW3fID.021/sOWcow1Jv/C3Q/WvS22XW.Xw/8G6P4Xm.O2y', NULL),
('64e20c89-b200-4b0d-8ca1-40b9fd6e6a63', 'casey.williams05287@example.com', '2026-03-01 21:35:00+0000', 'Casey Williams 05287', '$2a$10$vI8aWBnW3fID.021/sOWcow1Jv/C3Q/WvS22XW.Xw/8G6P4Xm.O2y', NULL),
('9b4c8124-77d2-4fef-a785-0b7592b3eca3', 'jamie.johnson05344@example.com', '2026-03-01 21:35:00+0000', 'Jamie Johnson 05344', '$2a$10$vI8aWBnW3fID.021/sOWcow1Jv/C3Q/WvS22XW.Xw/8G6P4Xm.O2y', NULL),
('fbf6729d-6641-4870-a210-fab42654840a', 'casey.johnson05488@example.com', '2026-03-02 21:35:00+0000', 'Casey Johnson 05488', '$2a$10$vI8aWBnW3fID.021/sOWcow1Jv/C3Q/WvS22XW.Xw/8G6P4Xm.O2y', NULL),
('8089b75a-d1f9-4e64-bde1-5d2cca207000', 'taylor.miller05545@example.com', '2026-03-03 21:35:00+0000', 'Taylor Miller 05545', '$2a$10$vI8aWBnW3fID.021/sOWcow1Jv/C3Q/WvS22XW.Xw/8G6P4Xm.O2y', NULL),
('b76ccee9-b2bf-462a-8041-2b97c4096a0a', 'taylor.johnson05613@example.com', '2026-02-27 21:35:00+0000', 'Taylor Johnson 05613', '$2a$10$vI8aWBnW3fID.021/sOWcow1Jv/C3Q/WvS22XW.Xw/8G6P4Xm.O2y', NULL),
('ee26d0e0-cacd-4e4b-b9a3-bb67ab12d9c2', 'casey.davis05782@example.com', '2026-02-28 21:35:00+0000', 'Casey Davis 05782', '$2a$10$vI8aWBnW3fID.021/sOWcow1Jv/C3Q/WvS22XW.Xw/8G6P4Xm.O2y', NULL),
('00e559a0-2453-43e8-adef-64340a7e7b15', 'sam.smith05860@example.com', '2026-03-02 21:35:00+0000', 'Sam Smith 05860', '$2a$10$vI8aWBnW3fID.021/sOWcow1Jv/C3Q/WvS22XW.Xw/8G6P4Xm.O2y', NULL),
('9e0f45a5-3375-4537-b80d-09f51f8eb3db', 'riley.wilson05966@example.com', '2026-03-01 21:35:00+0000', 'Riley Wilson 05966', '$2a$10$vI8aWBnW3fID.021/sOWcow1Jv/C3Q/WvS22XW.Xw/8G6P4Xm.O2y', NULL),
('7601e043-d5cb-40dd-84a9-6d0ce87fb732', 'jamie.wilson06019@example.com', '2026-03-01 21:35:00+0000', 'Jamie Wilson 06019', '$2a$10$vI8aWBnW3fID.021/sOWcow1Jv/C3Q/WvS22XW.Xw/8G6P4Xm.O2y', NULL),
('7507fb05-1396-47e7-997f-1fe2ba8d5e5a', 'drew.davis06185@example.com', '2026-02-28 21:35:00+0000', 'Drew Davis 06185', '$2a$10$vI8aWBnW3fID.021/sOWcow1Jv/C3Q/WvS22XW.Xw/8G6P4Xm.O2y', NULL),
('154ae4bc-1b3e-410e-a997-e09687067775', 'alex.johnson06235@example.com', '2026-03-03 21:35:00+0000', 'Alex Johnson 06235', '$2a$10$vI8aWBnW3fID.021/sOWcow1Jv/C3Q/WvS22XW.Xw/8G6P4Xm.O2y', NULL),
('4a21698d-70c8-4d69-8378-b4bc8e693d52', 'morgan.jones06387@example.com', '2026-02-27 21:35:00+0000', 'Morgan Jones 06387', '$2a$10$vI8aWBnW3fID.021/sOWcow1Jv/C3Q/WvS22XW.Xw/8G6P4Xm.O2y', NULL),
('488ee69b-e44c-46af-ad09-d4f72756c080', 'alex.williams06438@example.com', '2026-02-28 21:35:00+0000', 'Alex Williams 06438', '$2a$10$vI8aWBnW3fID.021/sOWcow1Jv/C3Q/WvS22XW.Xw/8G6P4Xm.O2y', NULL),
('7126e298-2179-4fc9-8a65-4f923ae42518', 'riley.smith06566@example.com', '2026-02-28 21:35:00+0000', 'Riley Smith 06566', '$2a$10$vI8aWBnW3fID.021/sOWcow1Jv/C3Q/WvS22XW.Xw/8G6P4Xm.O2y', NULL),
('57e80c0d-61f6-464f-821c-cd20074da1f7', 'drew.smith06675@example.com', '2026-03-01 21:35:00+0000', 'Drew Smith 06675', '$2a$10$vI8aWBnW3fID.021/sOWcow1Jv/C3Q/WvS22XW.Xw/8G6P4Xm.O2y', NULL),
('1178de7f-4e34-4241-adef-3891e5b298e0', 'chris.davis06753@example.com', '2026-02-27 21:35:00+0000', 'Chris Davis 06753', '$2a$10$vI8aWBnW3fID.021/sOWcow1Jv/C3Q/WvS22XW.Xw/8G6P4Xm.O2y', NULL),
('5501600e-e5dd-4ab6-b50a-dcb1defc45fa', 'drew.miller06885@example.com', '2026-03-03 21:35:00+0000', 'Drew Miller 06885', '$2a$10$vI8aWBnW3fID.021/sOWcow1Jv/C3Q/WvS22XW.Xw/8G6P4Xm.O2y', NULL),
('fcfa37af-c54b-4aef-a1c7-6a8de1ca26a5', 'jamie.johnson06979@example.com', '2026-03-03 21:35:00+0000', 'Jamie Johnson 06979', '$2a$10$vI8aWBnW3fID.021/sOWcow1Jv/C3Q/WvS22XW.Xw/8G6P4Xm.O2y', NULL),
('53daea5b-d7a0-46c3-9bfd-0baa04904276', 'taylor.miller07030@example.com', '2026-02-27 21:35:00+0000', 'Taylor Miller 07030', '$2a$10$vI8aWBnW3fID.021/sOWcow1Jv/C3Q/WvS22XW.Xw/8G6P4Xm.O2y', NULL),
('1da7190f-1ca9-4ae9-8c8a-5603ad08d60c', 'alex.miller07196@example.com', '2026-02-27 21:35:00+0000', 'Alex Miller 07196', '$2a$10$vI8aWBnW3fID.021/sOWcow1Jv/C3Q/WvS22XW.Xw/8G6P4Xm.O2y', NULL),
('3c44e81e-0af8-4474-bfa8-8b9d4c1db264', 'casey.williams07217@example.com', '2026-03-02 21:35:00+0000', 'Casey Williams 07217', '$2a$10$vI8aWBnW3fID.021/sOWcow1Jv/C3Q/WvS22XW.Xw/8G6P4Xm.O2y', NULL),
('cc07297c-fe7f-4348-85cd-1581eda1434c', 'riley.wilson07363@example.com', '2026-03-03 21:35:00+0000', 'Riley Wilson 07363', '$2a$10$vI8aWBnW3fID.021/sOWcow1Jv/C3Q/WvS22XW.Xw/8G6P4Xm.O2y', NULL),
('5f13275a-918f-48d1-8555-ce1b09fe25fa', 'chris.wilson07457@example.com', '2026-02-28 21:35:00+0000', 'Chris Wilson 07457', '$2a$10$vI8aWBnW3fID.021/sOWcow1Jv/C3Q/WvS22XW.Xw/8G6P4Xm.O2y', NULL),
('f860faed-38b0-4e7e-8cfc-8ab604f50236', 'casey.miller07589@example.com', '2026-03-03 21:35:00+0000', 'Casey Miller 07589', '$2a$10$vI8aWBnW3fID.021/sOWcow1Jv/C3Q/WvS22XW.Xw/8G6P4Xm.O2y', NULL),
('6cea198c-f5d0-4b60-8a01-5ea45d8567b8', 'jordan.smith07695@example.com', '2026-03-04 21:35:00+0000', 'Jordan Smith 07695', '$2a$10$vI8aWBnW3fID.021/sOWcow1Jv/C3Q/WvS22XW.Xw/8G6P4Xm.O2y', NULL),
('79aaf818-d358-4ccd-82be-b3dcbc0f7e5f', 'jordan.williams07735@example.com', '2026-02-28 21:35:00+0000', 'Jordan Williams 07735', '$2a$10$vI8aWBnW3fID.021/sOWcow1Jv/C3Q/WvS22XW.Xw/8G6P4Xm.O2y', NULL),
('d66f65ab-908a-4d4c-a179-758ace73b65a', 'drew.jones07874@example.com', '2026-03-03 21:35:00+0000', 'Drew Jones 07874', '$2a$10$vI8aWBnW3fID.021/sOWcow1Jv/C3Q/WvS22XW.Xw/8G6P4Xm.O2y', NULL),
('d9c814db-95da-4bd2-b110-bbbe34849340', 'casey.johnson07955@example.com', '2026-03-04 21:35:00+0000', 'Casey Johnson 07955', '$2a$10$vI8aWBnW3fID.021/sOWcow1Jv/C3Q/WvS22XW.Xw/8G6P4Xm.O2y', NULL),
('6bea0119-bfd8-404c-8c80-da85a4d61701', 'morgan.miller08013@example.com', '2026-02-27 21:35:00+0000', 'Morgan Miller 08013', '$2a$10$vI8aWBnW3fID.021/sOWcow1Jv/C3Q/WvS22XW.Xw/8G6P4Xm.O2y', NULL),
('dee0e26f-0c5c-408f-ac15-38e48fc7c14a', 'morgan.davis08140@example.com', '2026-03-02 21:35:00+0000', 'Morgan Davis 08140', '$2a$10$vI8aWBnW3fID.021/sOWcow1Jv/C3Q/WvS22XW.Xw/8G6P4Xm.O2y', NULL),
('1b4f64aa-97a6-411e-96f8-d37475b76dd7', 'jamie.brown08297@example.com', '2026-02-27 21:35:00+0000', 'Jamie Brown 08297', '$2a$10$vI8aWBnW3fID.021/sOWcow1Jv/C3Q/WvS22XW.Xw/8G6P4Xm.O2y', NULL),
('c57bb913-8687-4994-80db-5d96183a20e7', 'riley.wilson08334@example.com', '2026-03-01 21:35:00+0000', 'Riley Wilson 08334', '$2a$10$vI8aWBnW3fID.021/sOWcow1Jv/C3Q/WvS22XW.Xw/8G6P4Xm.O2y', NULL),
('69b5a978-a775-411c-ad55-4ef355e9b925', 'casey.williams08463@example.com', '2026-03-02 21:35:00+0000', 'Casey Williams 08463', '$2a$10$vI8aWBnW3fID.021/sOWcow1Jv/C3Q/WvS22XW.Xw/8G6P4Xm.O2y', NULL),
('e1542603-338b-41ae-be7d-f50be2c1dcee', 'taylor.jones08540@example.com', '2026-03-02 21:35:00+0000', 'Taylor Jones 08540', '$2a$10$vI8aWBnW3fID.021/sOWcow1Jv/C3Q/WvS22XW.Xw/8G6P4Xm.O2y', NULL),
('a89802ac-e545-4026-b262-614ae4669a3a', 'morgan.johnson08695@example.com', '2026-02-28 21:35:00+0000', 'Morgan Johnson 08695', '$2a$10$vI8aWBnW3fID.021/sOWcow1Jv/C3Q/WvS22XW.Xw/8G6P4Xm.O2y', NULL),
('93c1af49-b296-4f16-8cc1-0d9117a07426', 'morgan.smith08730@example.com', '2026-03-01 21:35:00+0000', 'Morgan Smith 08730', '$2a$10$vI8aWBnW3fID.021/sOWcow1Jv/C3Q/WvS22XW.Xw/8G6P4Xm.O2y', NULL),
('c1aab590-89b1-4fbb-b6a6-b0eee50d7ea2', 'drew.wilson08821@example.com', '2026-03-04 21:35:00+0000', 'Drew Wilson 08821', '$2a$10$vI8aWBnW3fID.021/sOWcow1Jv/C3Q/WvS22XW.Xw/8G6P4Xm.O2y', NULL),
('7d534ae7-7372-4a32-897b-f2a8003f5327', 'jamie.johnson08950@example.com', '2026-02-28 21:35:00+0000', 'Jamie Johnson 08950', '$2a$10$vI8aWBnW3fID.021/sOWcow1Jv/C3Q/WvS22XW.Xw/8G6P4Xm.O2y', NULL),
('c3febd36-6c1c-4fe9-89c6-f0182ee389cd', 'casey.johnson09013@example.com', '2026-02-27 21:35:00+0000', 'Casey Johnson 09013', '$2a$10$vI8aWBnW3fID.021/sOWcow1Jv/C3Q/WvS22XW.Xw/8G6P4Xm.O2y', NULL),
('f902903a-6803-45e0-9e46-dee1bc36124d', 'taylor.wilson09177@example.com', '2026-03-02 21:35:00+0000', 'Taylor Wilson 09177', '$2a$10$vI8aWBnW3fID.021/sOWcow1Jv/C3Q/WvS22XW.Xw/8G6P4Xm.O2y', NULL),
('e9eb1a7b-9a02-44c3-babb-f5a5b6791647', 'jordan.johnson09292@example.com', '2026-03-03 21:35:00+0000', 'Jordan Johnson 09292', '$2a$10$vI8aWBnW3fID.021/sOWcow1Jv/C3Q/WvS22XW.Xw/8G6P4Xm.O2y', NULL),
('d3db7d94-3b83-4026-9013-ddaca1eb085f', 'jordan.wilson09381@example.com', '2026-03-04 21:35:00+0000', 'Jordan Wilson 09381', '$2a$10$vI8aWBnW3fID.021/sOWcow1Jv/C3Q/WvS22XW.Xw/8G6P4Xm.O2y', NULL),
('9c75ac14-ae34-43c8-a9ac-8194db2a39b7', 'taylor.williams09431@example.com', '2026-03-03 21:35:00+0000', 'Taylor Williams 09431', '$2a$10$vI8aWBnW3fID.021/sOWcow1Jv/C3Q/WvS22XW.Xw/8G6P4Xm.O2y', NULL),
('f3001a40-211d-4acd-b72b-941d6114c5fe', 'morgan.johnson09561@example.com', '2026-02-27 21:35:00+0000', 'Morgan Johnson 09561', '$2a$10$vI8aWBnW3fID.021/sOWcow1Jv/C3Q/WvS22XW.Xw/8G6P4Xm.O2y', NULL),
('776dcb02-2757-46b6-913f-aa21f6d97ef4', 'chris.johnson09651@example.com', '2026-03-03 21:35:00+0000', 'Chris Johnson 09651', '$2a$10$vI8aWBnW3fID.021/sOWcow1Jv/C3Q/WvS22XW.Xw/8G6P4Xm.O2y', NULL),
('a7674272-4afa-484d-a221-4eb960ddd93b', 'morgan.wilson09791@example.com', '2026-03-03 21:35:00+0000', 'Morgan Wilson 09791', '$2a$10$vI8aWBnW3fID.021/sOWcow1Jv/C3Q/WvS22XW.Xw/8G6P4Xm.O2y', NULL),
('d034681b-77fa-41d8-8d29-781a54941d15', 'riley.davis09839@example.com', '2026-03-01 21:35:00+0000', 'Riley Davis 09839', '$2a$10$vI8aWBnW3fID.021/sOWcow1Jv/C3Q/WvS22XW.Xw/8G6P4Xm.O2y', NULL),
('068832e8-7e15-4f57-a07f-5685dde61984', 'taylor.williams09967@example.com', '2026-03-02 21:35:00+0000', 'Taylor Williams 09967', '$2a$10$vI8aWBnW3fID.021/sOWcow1Jv/C3Q/WvS22XW.Xw/8G6P4Xm.O2y', NULL);
INSERT INTO profiles (id, about_me, is_online, user_id) VALUES ('782a4769-30be-4467-89c3-7ba5d49a886c', 'Hello! I am Jamie. Interested in Go.', false, '8c921266-b744-4619-a4ba-2fe1e032e7a8'),
('dc8f746a-94cd-4c4e-8721-5bd0bdb357d6', 'Hello! I am Jamie. Interested in Rust.', true, '78b7f326-8b7c-42ac-93de-80f66e1fb21e'),
('a2d4d405-ea3a-4318-aaeb-0a30794aef46', 'Hello! I am Riley. Interested in Go.', true, '473ff6ad-8158-4951-8692-265b7afd6902'),
('33feee8b-cbf3-415f-b45b-f7bde0bf77a3', 'Hello! I am Casey. Interested in Rust.', false, '5d9cbb57-6b51-4db3-bc96-1d772b8420a9'),
('b367f1cf-6d8a-4634-aab6-01a8ef698270', 'Hello! I am Casey. Interested in C#.', false, '743e7567-26b2-4c13-b61b-c3b7a39d12a2'),
('c83edf2a-d364-48e5-bc4e-f3c93604366f', 'Hello! I am Casey. Interested in Python.', false, '1b8259df-3237-4a90-a0d8-11de2af726fa'),
('d941f059-f221-4812-bbfe-7b83720985e1', 'Hello! I am Casey. Interested in C++.', true, '086652e9-8842-45da-8884-9f1fa82a53c4'),
('4b886b66-c45d-44f1-853d-9a62063acc51', 'Hello! I am Morgan. Interested in Rust.', true, 'bf4f7a38-704e-4860-9908-ec372854c664'),
('484bc1c1-96aa-48b5-bb56-c9bf3935a9e2', 'Hello! I am Jamie. Interested in Rust.', false, 'b8d9200c-5196-4af9-8fbd-eb6fa3f156ef'),
('efc938c0-9735-40db-a0f0-369cca01e568', 'Hello! I am Taylor. Interested in Go.', true, 'a3368095-a9d4-4b04-85de-94c8db4de17d'),
('45f7feb4-e651-4201-9504-64f1e2f09b80', 'Hello! I am Riley. Interested in JavaScript.', false, '9b116f82-2588-4dbe-9661-9095ff1bf4dc'),
('db5a66ef-e533-4d6c-ba06-e91b11f38837', 'Hello! I am Sam. Interested in Go.', false, 'dc7e97ee-0751-4edc-a624-59c3211bd873'),
('5afd808b-c1ee-4b3e-9c7f-420607b73e93', 'Hello! I am Morgan. Interested in Python.', false, '8a55633c-04e4-406f-879a-f86fca4bbfa9'),
('8c6376c5-f988-4644-a23d-b4e9a91abc4c', 'Hello! I am Morgan. Interested in TypeScript.', false, '19fc14fe-8805-4a06-a1fb-537825cab627'),
('81e0db2a-d690-42a0-bbb4-943762be55e1', 'Hello! I am Taylor. Interested in JavaScript.', true, 'ddc4c8b3-4449-41f4-a006-dabd30396709'),
('5ee3dccb-f01d-4f8b-9cf2-99ee858a31c6', 'Hello! I am Jamie. Interested in Python.', false, '4f95802c-881b-42a1-a5e2-cdd17b43c8f4'),
('85e70cd1-32a5-4eef-abe3-89665d9f21e4', 'Hello! I am Riley. Interested in C#.', false, 'ed0f55d4-b2fa-42b3-a1cf-ef465688a7c3'),
('ab45a864-ba93-4fcc-afe4-3eeef0f6a47e', 'Hello! I am Taylor. Interested in JavaScript.', false, 'e3ca4d51-2961-4b5c-8228-2e67f9ec1d33'),
('5810b7e8-d630-43b2-aad6-63b0778fb0d2', 'Hello! I am Sam. Interested in C#.', false, 'dca9cd86-c6de-4eef-99ba-2f8985f0258c'),
('53f4b121-e5c1-4c35-b8b0-7dc31b9cebc1', 'Hello! I am Sam. Interested in Java.', false, '914fb2b0-fece-496e-9e2a-609ad7e0cefc'),
('18bc25a0-9892-4081-ac4e-4e0a7aee9cf3', 'Hello! I am Jamie. Interested in C#.', false, 'de11eb65-d627-40f6-8e32-206cf54fc618'),
('b17fc669-e964-4482-b66d-8583b3e80e11', 'Hello! I am Morgan. Interested in Rust.', false, '34996ec6-bbb4-40d3-b016-58885303ea68'),
('352247ef-29b0-4ba3-ba0b-96fb654de1e2', 'Hello! I am Alex. Interested in Rust.', true, '264695c8-5081-4695-90b6-82fb2805ba9f'),
('6c677a3a-5ea4-4dba-9d7c-d01e5227d85f', 'Hello! I am Chris. Interested in Rust.', false, '31fd9003-23e0-493f-a1f0-044882d1100f'),
('22ba884f-3faf-412e-bad0-51cc79b04dbf', 'Hello! I am Jordan. Interested in Go.', true, '4d4634ce-8c66-4f71-9b1d-ce8b7a787672'),
('e9c5b196-3796-4131-aecd-44db3f4d4d7b', 'Hello! I am Casey. Interested in Java.', true, '469ad863-6840-4522-8f49-51f490358a05'),
('1ecbf697-7e39-4360-80f6-599fa23ee0bb', 'Hello! I am Sam. Interested in Python.', false, 'dbba87cb-2e06-4ce0-8924-e3aaabfa608f'),
('457efc61-0f1f-461d-8abe-f1f246b5513c', 'Hello! I am Chris. Interested in JavaScript.', false, '1c47f16a-0461-401a-8b31-02a32c37bdf6'),
('47c5f7f0-4987-4eae-97ed-feb7db09d28b', 'Hello! I am Jamie. Interested in C++.', true, 'b473ea89-a24b-4e5c-9c11-e18efafedc18'),
('da06618d-7a79-4dd2-90a2-99c8a4fca37a', 'Hello! I am Taylor. Interested in Python.', true, '4ea46474-d531-440d-a97e-7d18783d7287'),
('43134609-edaf-496c-a054-afe4add3744a', 'Hello! I am Drew. Interested in Java.', false, '3724efc3-3470-45b5-8a53-e4d42d681c3a'),
('0b8245df-cb66-4681-b89b-4a5bd4b66160', 'Hello! I am Sam. Interested in C++.', true, 'a97f7343-05eb-4216-a193-a814b3d70882'),
('31ab52a7-dd99-44b8-b225-4c8898dda6cd', 'Hello! I am Drew. Interested in JavaScript.', true, '82ea734a-ac00-4bf3-a8d2-e979d89b68f4'),
('ff13535f-24a7-422e-aa19-f664fb1c107e', 'Hello! I am Sam. Interested in Go.', false, 'cfd29b2e-432c-4347-976d-0a8f9ac77016'),
('699f73fa-992c-48ac-8404-cfb527f3005f', 'Hello! I am Drew. Interested in Rust.', true, '3f9660d7-2a54-4095-ba43-f4270cd27091'),
('1637c5c0-9967-4dbf-9ac1-03a34cc77a50', 'Hello! I am Riley. Interested in Kotlin.', true, '9b3d6b64-be09-4b9f-a26d-f1b37523e02b'),
('d6ae63e8-cccd-4097-864b-b12d216254f9', 'Hello! I am Jamie. Interested in Rust.', true, 'b4fdff16-d6b0-4428-8d67-e73cd69abeee'),
('6ea0c820-7345-4db6-8b14-9bf31263fb50', 'Hello! I am Drew. Interested in Kotlin.', true, '55857d9a-a619-4022-b838-cb4e599b9bf5'),
('23eb3bc7-e9bd-4d0c-be6a-0abda4c99df6', 'Hello! I am Taylor. Interested in C#.', true, '69d7b639-a9f0-4660-acb5-d3c01d3b1f39'),
('a9e7b71f-a6bc-4946-b394-a74abe90695e', 'Hello! I am Chris. Interested in TypeScript.', false, 'cef1927e-b7b4-4f70-b229-dff7185d629f'),
('1ed30ebb-6099-438a-bc6f-fb697cf9e9a9', 'Hello! I am Drew. Interested in Python.', true, '772d1f11-922c-449a-bd67-d51181675105'),
('6a063f71-83bd-4cbc-adb1-3d448292f556', 'Hello! I am Taylor. Interested in TypeScript.', false, '997ae30e-72b2-4131-b94b-973929eb8371'),
('97a20b1d-b78c-450b-84e4-861817b2483e', 'Hello! I am Drew. Interested in Kotlin.', false, 'cafa60c7-e5b7-44cc-86d1-98299ffbbb5c'),
('249d6dc9-7ed4-4d4c-86cf-b08bc237f730', 'Hello! I am Morgan. Interested in C#.', true, 'c81ede78-2160-41a7-b537-0989eda1efe5'),
('dd4874e2-8b0d-4dd3-ba9c-b95fd3a53602', 'Hello! I am Sam. Interested in C#.', false, '3250d41f-20d5-4638-823f-ef229655dade'),
('dd71b032-15be-4d46-8d67-3aade3d674af', 'Hello! I am Alex. Interested in C#.', true, '64b55b70-2071-48d6-8f97-33d376392306'),
('8d81ba9e-13ed-4797-8254-2ad3756e76eb', 'Hello! I am Jordan. Interested in JavaScript.', true, '0f04a3cf-717b-4e73-9ed9-519c22c9ec03'),
('68595aad-83ff-47cc-a53e-8800db1803cd', 'Hello! I am Drew. Interested in C++.', false, '56457135-b271-4783-bed9-3d162a419025'),
('c2e268b8-df00-4101-893c-afa246952b24', 'Hello! I am Alex. Interested in Java.', false, '5aa67caa-f529-4ff7-addb-bad587a141d1'),
('a08131c6-4168-4184-a3b3-6403f71fb4b7', 'Hello! I am Jordan. Interested in C#.', true, '8ae99580-6042-434c-8662-192ea7b0b5f1'),
('28a6336e-2b82-4811-9aaa-0bd2e274326a', 'Hello! I am Chris. Interested in JavaScript.', true, 'a67736c6-2341-403e-a238-f46aaa2193a1'),
('a689b648-cf86-46cf-a566-1a6d03a20713', 'Hello! I am Jamie. Interested in Rust.', true, '40e27f9c-7119-40d6-bd6f-79ce0eec0ac6'),
('6b661fcc-a04b-4016-af2b-e319433b97a7', 'Hello! I am Casey. Interested in JavaScript.', false, '64e20c89-b200-4b0d-8ca1-40b9fd6e6a63'),
('d2a40963-bc93-48d3-b4b9-01fc0c0f501f', 'Hello! I am Jamie. Interested in Rust.', true, '9b4c8124-77d2-4fef-a785-0b7592b3eca3'),
('4221f146-9736-4553-8b5c-f57d1c9f8852', 'Hello! I am Casey. Interested in Rust.', false, 'fbf6729d-6641-4870-a210-fab42654840a'),
('412f1940-dfbf-421c-8426-699c82639374', 'Hello! I am Taylor. Interested in Java.', true, '8089b75a-d1f9-4e64-bde1-5d2cca207000'),
('44f292b4-f978-4694-a2ee-3d528936844c', 'Hello! I am Taylor. Interested in Go.', false, 'b76ccee9-b2bf-462a-8041-2b97c4096a0a'),
('10b96a48-72a7-45d1-9503-2b5141d85c91', 'Hello! I am Casey. Interested in Kotlin.', true, 'ee26d0e0-cacd-4e4b-b9a3-bb67ab12d9c2'),
('e3cd31d4-4b11-4f3a-ad90-465a85d66fc5', 'Hello! I am Sam. Interested in Python.', true, '00e559a0-2453-43e8-adef-64340a7e7b15'),
('b9ad1ffc-2cf8-4473-90f2-a45d80cf62bf', 'Hello! I am Riley. Interested in Kotlin.', false, '9e0f45a5-3375-4537-b80d-09f51f8eb3db'),
('3dcefef1-ebce-4a8c-8e13-de3babecacdc', 'Hello! I am Jamie. Interested in TypeScript.', true, '7601e043-d5cb-40dd-84a9-6d0ce87fb732'),
('5933271b-980f-4e7e-9ba0-1f3f9929b28b', 'Hello! I am Drew. Interested in Kotlin.', true, '7507fb05-1396-47e7-997f-1fe2ba8d5e5a'),
('91897b5c-d2d4-4d40-a1f0-5f202225ab22', 'Hello! I am Alex. Interested in C#.', false, '154ae4bc-1b3e-410e-a997-e09687067775'),
('7c6202b2-3ed2-41ee-bc8e-23d862426c88', 'Hello! I am Morgan. Interested in Rust.', false, '4a21698d-70c8-4d69-8378-b4bc8e693d52'),
('ec6592f9-444c-4ba4-a19c-66054358c9b7', 'Hello! I am Alex. Interested in Rust.', false, '488ee69b-e44c-46af-ad09-d4f72756c080'),
('cafa839f-b666-469d-8425-14868dac56ff', 'Hello! I am Riley. Interested in JavaScript.', false, '7126e298-2179-4fc9-8a65-4f923ae42518'),
('2009a012-c01a-46f1-8b04-a7918dcd9e13', 'Hello! I am Drew. Interested in Rust.', true, '57e80c0d-61f6-464f-821c-cd20074da1f7'),
('e93982c4-602e-4536-837e-75550ea48e4f', 'Hello! I am Chris. Interested in Go.', true, '1178de7f-4e34-4241-adef-3891e5b298e0'),
('0e842e21-a170-4cdf-8fa4-4f7fd72cca14', 'Hello! I am Drew. Interested in JavaScript.', true, '5501600e-e5dd-4ab6-b50a-dcb1defc45fa'),
('84ab9749-ec11-4294-9052-41620c3c3ca9', 'Hello! I am Jamie. Interested in Python.', true, 'fcfa37af-c54b-4aef-a1c7-6a8de1ca26a5'),
('296db48e-e3ea-4366-be97-f73f690d6806', 'Hello! I am Taylor. Interested in Python.', false, '53daea5b-d7a0-46c3-9bfd-0baa04904276'),
('e4fd0802-13ea-4cf9-8083-4b9d832d5aea', 'Hello! I am Alex. Interested in Rust.', true, '1da7190f-1ca9-4ae9-8c8a-5603ad08d60c'),
('eaec07c1-be38-496e-915b-e860fc181baf', 'Hello! I am Casey. Interested in C++.', false, '3c44e81e-0af8-4474-bfa8-8b9d4c1db264'),
('2d357607-5679-40f2-a3b5-744762fa1e53', 'Hello! I am Riley. Interested in Kotlin.', true, 'cc07297c-fe7f-4348-85cd-1581eda1434c'),
('ed530e9e-a936-44e6-b6b1-0b7981987780', 'Hello! I am Chris. Interested in C#.', false, '5f13275a-918f-48d1-8555-ce1b09fe25fa'),
('4eeec6ce-c3bb-4af5-8766-2362ca2efa04', 'Hello! I am Casey. Interested in Python.', false, 'f860faed-38b0-4e7e-8cfc-8ab604f50236'),
('1d657f95-0f56-4d97-8b06-699012e50aae', 'Hello! I am Jordan. Interested in TypeScript.', true, '6cea198c-f5d0-4b60-8a01-5ea45d8567b8'),
('ebaccb06-a15f-4ac7-b824-1c87939d0c6d', 'Hello! I am Jordan. Interested in Kotlin.', false, '79aaf818-d358-4ccd-82be-b3dcbc0f7e5f'),
('2ec43a78-1203-418d-a3b7-a1fa2ce87b6c', 'Hello! I am Drew. Interested in Java.', false, 'd66f65ab-908a-4d4c-a179-758ace73b65a'),
('5c896e1d-9736-4b85-a434-3d7a5370c518', 'Hello! I am Casey. Interested in Java.', false, 'd9c814db-95da-4bd2-b110-bbbe34849340'),
('a5ff2c68-c8fa-404e-883b-beb7011d8aa0', 'Hello! I am Morgan. Interested in Go.', true, '6bea0119-bfd8-404c-8c80-da85a4d61701'),
('50358562-99c4-4ea5-b684-8ca25b463e6b', 'Hello! I am Morgan. Interested in C#.', false, 'dee0e26f-0c5c-408f-ac15-38e48fc7c14a'),
('b88990df-2314-4fae-9766-3f6548938012', 'Hello! I am Jamie. Interested in C#.', false, '1b4f64aa-97a6-411e-96f8-d37475b76dd7'),
('da9d07f2-d7cb-4e0c-8e58-c825b9b72040', 'Hello! I am Riley. Interested in Java.', false, 'c57bb913-8687-4994-80db-5d96183a20e7'),
('f0fdcaad-7a54-4f2b-8bc6-03769b193e83', 'Hello! I am Casey. Interested in C#.', false, '69b5a978-a775-411c-ad55-4ef355e9b925'),
('d869d530-0540-4e01-9ba7-355fe85b9165', 'Hello! I am Taylor. Interested in Python.', false, 'e1542603-338b-41ae-be7d-f50be2c1dcee'),
('bee4f4e5-bbb6-4fe4-84f4-48d0bc17c2d8', 'Hello! I am Morgan. Interested in Java.', false, 'a89802ac-e545-4026-b262-614ae4669a3a'),
('23f8b08b-d5a1-4765-b5f3-5928312abdff', 'Hello! I am Morgan. Interested in Python.', false, '93c1af49-b296-4f16-8cc1-0d9117a07426'),
('6fb39eff-c176-48b6-887d-48d575f0e49f', 'Hello! I am Drew. Interested in Java.', true, 'c1aab590-89b1-4fbb-b6a6-b0eee50d7ea2'),
('cd712b33-cfbd-4ee5-8e01-2ef9da41512a', 'Hello! I am Jamie. Interested in TypeScript.', true, '7d534ae7-7372-4a32-897b-f2a8003f5327'),
('4397eb96-9c9f-4ed5-aea5-1a2b4d473616', 'Hello! I am Casey. Interested in Go.', false, 'c3febd36-6c1c-4fe9-89c6-f0182ee389cd'),
('62f54b78-2000-4135-ba33-27ee5844d547', 'Hello! I am Taylor. Interested in Rust.', false, 'f902903a-6803-45e0-9e46-dee1bc36124d'),
('f7a21823-ec8d-4732-867b-990187699366', 'Hello! I am Jordan. Interested in Kotlin.', true, 'e9eb1a7b-9a02-44c3-babb-f5a5b6791647'),
('915bb9eb-7487-40d8-a808-c069347139cd', 'Hello! I am Jordan. Interested in TypeScript.', true, 'd3db7d94-3b83-4026-9013-ddaca1eb085f'),
('0442cc51-e0b1-4108-90d6-57bf73812bf0', 'Hello! I am Taylor. Interested in JavaScript.', true, '9c75ac14-ae34-43c8-a9ac-8194db2a39b7'),
('b21c04c2-a839-4759-a014-646c9cc25f31', 'Hello! I am Morgan. Interested in Java.', true, 'f3001a40-211d-4acd-b72b-941d6114c5fe'),
('54b48148-102b-42f4-8911-7de91fc81b13', 'Hello! I am Chris. Interested in Python.', false, '776dcb02-2757-46b6-913f-aa21f6d97ef4'),
('905b844a-38ba-48e0-9f94-88a2d97ee4f8', 'Hello! I am Morgan. Interested in Java.', true, 'a7674272-4afa-484d-a221-4eb960ddd93b'),
('01eb230e-e6bd-4897-b71f-ecbc238e5145', 'Hello! I am Riley. Interested in C#.', true, 'd034681b-77fa-41d8-8d29-781a54941d15'),
('801c685b-40b7-4aa1-86e2-dfd185b0df81', 'Hello! I am Taylor. Interested in C#.', true, '068832e8-7e15-4f57-a07f-5685dde61984');
INSERT INTO bios (id, city, coding_style, experience_level, look_for, preferred_os, primary_language, user_id) VALUES ('7966cd02-c8ad-436f-acd6-4c574f27b7df', 'Toronto', 'Night Owl', 'Junior', 'Coding Buddy', 'Linux', 'TypeScript', '8c921266-b744-4619-a4ba-2fe1e032e7a8'),
('7c20b4dd-3c5c-49bb-9458-ae165ddea85f', 'Berlin', 'Night Owl', 'Senior', 'Mentor', 'macOS', 'TypeScript', '78b7f326-8b7c-42ac-93de-80f66e1fb21e'),
('4506fe40-f613-42b0-9f4b-dc89f437db30', 'New York', 'Night Owl', 'Mid', 'Mentor', 'Windows', 'JavaScript', '473ff6ad-8158-4951-8692-265b7afd6902'),
('fa27e875-8b32-4a10-80dc-130bd57fa2b3', 'Toronto', 'Night Owl', 'Lead', 'Coding Buddy', 'macOS', 'TypeScript', '5d9cbb57-6b51-4db3-bc96-1d772b8420a9'),
('079022dd-d40d-4006-bd95-3b987d7b6707', 'London', 'Night Owl', 'Mid', 'Networking', 'macOS', 'Python', '743e7567-26b2-4c13-b61b-c3b7a39d12a2'),
('8c7fbfff-d745-4fc7-9fc6-42f393c47999', 'Austin', 'Night Owl', 'Mid', 'Networking', 'Linux', 'TypeScript', '1b8259df-3237-4a90-a0d8-11de2af726fa'),
('46825d1d-a8b8-4993-8aed-7b86a6f5b8f5', 'Toronto', 'Night Owl', 'Lead', 'Networking', 'macOS', 'Python', '086652e9-8842-45da-8884-9f1fa82a53c4'),
('c0669390-27e3-44da-8a1a-7712c677c178', 'Toronto', 'Night Owl', 'Mid', 'Coding Buddy', 'Windows', 'Python', 'bf4f7a38-704e-4860-9908-ec372854c664'),
('acc95e65-545e-47a4-9879-d881f0147243', 'London', 'Night Owl', 'Mid', 'Coding Buddy', 'macOS', 'Java', 'b8d9200c-5196-4af9-8fbd-eb6fa3f156ef'),
('5e96b2fb-cc7a-4a1d-b866-8f72d4065ba5', 'London', 'Night Owl', 'Senior', 'Mentor', 'Linux', 'Go', 'a3368095-a9d4-4b04-85de-94c8db4de17d'),
('db387ebd-db01-4200-b5c9-3685d163b17a', 'San Francisco', 'Night Owl', 'Lead', 'Networking', 'Windows', 'Go', '9b116f82-2588-4dbe-9661-9095ff1bf4dc'),
('144fb7bd-42a4-45b0-b2ee-369688fa780d', 'London', 'Night Owl', 'Junior', 'Mentor', 'Linux', 'Go', 'dc7e97ee-0751-4edc-a624-59c3211bd873'),
('a4b9299d-4164-416b-9d80-5f925c4a1bc3', 'Toronto', 'Night Owl', 'Mid', 'Mentor', 'Linux', 'C#', '8a55633c-04e4-406f-879a-f86fca4bbfa9'),
('18a0906e-e14c-4a4f-8738-102a35ba3e3d', 'New York', 'Night Owl', 'Senior', 'Mentor', 'macOS', 'Kotlin', '19fc14fe-8805-4a06-a1fb-537825cab627'),
('cdbdb132-12a6-452e-b4bf-05f5d9cb5edc', 'Berlin', 'Night Owl', 'Mid', 'Mentee', 'Windows', 'TypeScript', 'ddc4c8b3-4449-41f4-a006-dabd30396709'),
('6f3eb476-1d71-49a9-ad7f-f00961c8087b', 'New York', 'Night Owl', 'Mid', 'Coding Buddy', 'macOS', 'TypeScript', '4f95802c-881b-42a1-a5e2-cdd17b43c8f4'),
('846b0b0f-b158-4404-89b0-e43d024fda43', 'Tokyo', 'Night Owl', 'Lead', 'Mentor', 'Linux', 'Rust', 'ed0f55d4-b2fa-42b3-a1cf-ef465688a7c3'),
('9f475000-2f28-4754-b62e-d799d0babe10', 'Toronto', 'Night Owl', 'Junior', 'Mentor', 'Linux', 'Java', 'e3ca4d51-2961-4b5c-8228-2e67f9ec1d33'),
('42a24e15-2f63-4804-9507-d299231642d5', 'Tokyo', 'Night Owl', 'Senior', 'Mentee', 'Linux', 'Go', 'dca9cd86-c6de-4eef-99ba-2f8985f0258c'),
('91f8191c-7d0b-44c9-8b8d-374805f98a20', 'San Francisco', 'Night Owl', 'Mid', 'Mentor', 'macOS', 'Java', '914fb2b0-fece-496e-9e2a-609ad7e0cefc'),
('aed2206f-0649-4a20-89be-f6bb2321af30', 'Austin', 'Night Owl', 'Lead', 'Networking', 'macOS', 'Rust', 'de11eb65-d627-40f6-8e32-206cf54fc618'),
('7a73dc0b-e288-471a-aace-12c641a0530a', 'London', 'Night Owl', 'Junior', 'Networking', 'Linux', 'C++', '34996ec6-bbb4-40d3-b016-58885303ea68'),
('2fffc6bd-6292-4ed2-adc7-cec5de944329', 'Tokyo', 'Night Owl', 'Junior', 'Networking', 'Linux', 'Rust', '264695c8-5081-4695-90b6-82fb2805ba9f'),
('bfb4ab6c-d67b-46bb-9928-8f0111b26baa', 'Austin', 'Night Owl', 'Junior', 'Mentor', 'macOS', 'Kotlin', '31fd9003-23e0-493f-a1f0-044882d1100f'),
('67c6cc30-7ede-4fb6-9427-ab5f84dfb35b', 'Austin', 'Night Owl', 'Senior', 'Coding Buddy', 'Linux', 'Java', '4d4634ce-8c66-4f71-9b1d-ce8b7a787672'),
('81d27ba7-7d7c-4551-b78d-6811971d44f1', 'Tokyo', 'Night Owl', 'Senior', 'Networking', 'macOS', 'C++', '469ad863-6840-4522-8f49-51f490358a05'),
('7ae3e10e-101a-4613-90ce-2ca9a8c2cbb8', 'Toronto', 'Night Owl', 'Lead', 'Mentor', 'Windows', 'Rust', 'dbba87cb-2e06-4ce0-8924-e3aaabfa608f'),
('31bc123b-35a4-41f4-9bdb-4821fbf2395d', 'Berlin', 'Night Owl', 'Mid', 'Coding Buddy', 'macOS', 'Go', '1c47f16a-0461-401a-8b31-02a32c37bdf6'),
('073d31ab-fe41-42b2-9bb9-baa818482e12', 'Austin', 'Night Owl', 'Lead', 'Mentee', 'macOS', 'Kotlin', 'b473ea89-a24b-4e5c-9c11-e18efafedc18'),
('a65a6075-7378-4eb5-a43f-ff90505abcdf', 'Tokyo', 'Night Owl', 'Senior', 'Mentor', 'Windows', 'Java', '4ea46474-d531-440d-a97e-7d18783d7287'),
('74de2ef9-8f46-47c9-90c7-8a9daee7d511', 'Tokyo', 'Night Owl', 'Lead', 'Mentor', 'Windows', 'Go', '3724efc3-3470-45b5-8a53-e4d42d681c3a'),
('df2363e1-543d-4b46-a204-90b3715c2b8d', 'New York', 'Night Owl', 'Senior', 'Coding Buddy', 'Windows', 'C#', 'a97f7343-05eb-4216-a193-a814b3d70882'),
('9f551587-1a84-46b5-ab9a-278df0a1fa81', 'London', 'Night Owl', 'Mid', 'Coding Buddy', 'Linux', 'Go', '82ea734a-ac00-4bf3-a8d2-e979d89b68f4'),
('6a571020-7282-44c4-843d-08fb4b0836a3', 'New York', 'Night Owl', 'Mid', 'Mentor', 'Linux', 'Java', 'cfd29b2e-432c-4347-976d-0a8f9ac77016'),
('a07939ec-39ec-4ec4-99c0-1be3e09aa2c7', 'Berlin', 'Night Owl', 'Senior', 'Mentor', 'macOS', 'Kotlin', '3f9660d7-2a54-4095-ba43-f4270cd27091'),
('7bd23d75-7261-465d-9c05-4287ca273957', 'San Francisco', 'Night Owl', 'Mid', 'Networking', 'macOS', 'Go', '9b3d6b64-be09-4b9f-a26d-f1b37523e02b'),
('002a4989-e399-435d-9069-c58342e51058', 'Tokyo', 'Night Owl', 'Junior', 'Mentor', 'macOS', 'Java', 'b4fdff16-d6b0-4428-8d67-e73cd69abeee'),
('c97f1284-9006-44dd-8ac2-5f0de3fea71c', 'Toronto', 'Night Owl', 'Senior', 'Coding Buddy', 'Windows', 'Kotlin', '55857d9a-a619-4022-b838-cb4e599b9bf5'),
('00cc8b15-ee37-42ff-898e-86ca73c4c292', 'Toronto', 'Night Owl', 'Senior', 'Coding Buddy', 'Windows', 'Kotlin', '69d7b639-a9f0-4660-acb5-d3c01d3b1f39'),
('502c31b3-3ddf-4d7f-a612-647616727ad6', 'San Francisco', 'Night Owl', 'Lead', 'Networking', 'Linux', 'Kotlin', 'cef1927e-b7b4-4f70-b229-dff7185d629f'),
('0f0f90dd-8130-48f7-8111-60709f2d334c', 'Toronto', 'Night Owl', 'Mid', 'Coding Buddy', 'macOS', 'C#', '772d1f11-922c-449a-bd67-d51181675105'),
('b46f0bcf-9d25-4b0d-92b2-c6da21688018', 'New York', 'Night Owl', 'Mid', 'Networking', 'macOS', 'Go', '997ae30e-72b2-4131-b94b-973929eb8371'),
('02a64b0f-f443-46e5-a96d-ab750934c4ad', 'Berlin', 'Night Owl', 'Lead', 'Mentor', 'Windows', 'Go', 'cafa60c7-e5b7-44cc-86d1-98299ffbbb5c'),
('6a16f173-9adc-4fbb-9825-8ac55829a996', 'Tokyo', 'Night Owl', 'Mid', 'Coding Buddy', 'macOS', 'TypeScript', 'c81ede78-2160-41a7-b537-0989eda1efe5'),
('39730147-691e-448b-ac56-ddb9289240de', 'Toronto', 'Night Owl', 'Senior', 'Mentor', 'macOS', 'Rust', '3250d41f-20d5-4638-823f-ef229655dade'),
('4bcb06cb-1a0b-42e7-a2f7-20d5333bfe7d', 'Tokyo', 'Night Owl', 'Mid', 'Mentor', 'Windows', 'Kotlin', '64b55b70-2071-48d6-8f97-33d376392306'),
('88168e99-c0c8-4dde-8245-3e647b767635', 'Berlin', 'Night Owl', 'Senior', 'Coding Buddy', 'macOS', 'JavaScript', '0f04a3cf-717b-4e73-9ed9-519c22c9ec03'),
('96f4aabc-1d05-41ca-aae5-e35284faf101', 'London', 'Night Owl', 'Lead', 'Mentee', 'Windows', 'Java', '56457135-b271-4783-bed9-3d162a419025'),
('20264df5-c6fd-4b67-b5bb-67f801bc39b6', 'Berlin', 'Night Owl', 'Mid', 'Mentor', 'macOS', 'C++', '5aa67caa-f529-4ff7-addb-bad587a141d1'),
('94345597-d15e-4ff2-88d3-7751426ce0e4', 'San Francisco', 'Night Owl', 'Mid', 'Mentor', 'Windows', 'C#', '8ae99580-6042-434c-8662-192ea7b0b5f1'),
('dec06e32-1286-4827-9cb0-98a9340c14eb', 'San Francisco', 'Night Owl', 'Lead', 'Coding Buddy', 'macOS', 'Rust', 'a67736c6-2341-403e-a238-f46aaa2193a1'),
('ff076338-a39b-4c96-a8a6-d7025ed336a2', 'Toronto', 'Night Owl', 'Lead', 'Coding Buddy', 'Linux', 'Rust', '40e27f9c-7119-40d6-bd6f-79ce0eec0ac6'),
('1bb00ee3-782a-42e2-b6ae-d9cc6f10b9cb', 'Austin', 'Night Owl', 'Lead', 'Coding Buddy', 'Windows', 'JavaScript', '64e20c89-b200-4b0d-8ca1-40b9fd6e6a63'),
('6112b036-9b61-4ccb-b3dc-f1e593b67f23', 'Austin', 'Night Owl', 'Mid', 'Mentee', 'Windows', 'Kotlin', '9b4c8124-77d2-4fef-a785-0b7592b3eca3'),
('b5e679cd-1597-4795-b8d0-6aa7a9db672e', 'San Francisco', 'Night Owl', 'Lead', 'Mentee', 'macOS', 'Go', 'fbf6729d-6641-4870-a210-fab42654840a'),
('a746f93f-f51c-4985-9a39-ca0be2524984', 'Austin', 'Night Owl', 'Mid', 'Mentor', 'Linux', 'C#', '8089b75a-d1f9-4e64-bde1-5d2cca207000'),
('039748d5-b64d-4a24-8296-450de26a3d36', 'Berlin', 'Night Owl', 'Junior', 'Coding Buddy', 'macOS', 'Kotlin', 'b76ccee9-b2bf-462a-8041-2b97c4096a0a'),
('8db78ee2-3aa4-486b-aaaf-213d108dd0a7', 'Toronto', 'Night Owl', 'Mid', 'Mentee', 'Windows', 'Kotlin', 'ee26d0e0-cacd-4e4b-b9a3-bb67ab12d9c2'),
('c0900650-0ec5-4989-bc35-514f82efb244', 'Toronto', 'Night Owl', 'Junior', 'Mentor', 'Linux', 'Kotlin', '00e559a0-2453-43e8-adef-64340a7e7b15'),
('14b05da1-5f18-4b76-b63d-788f4c4ee0a5', 'San Francisco', 'Night Owl', 'Lead', 'Mentor', 'Linux', 'C#', '9e0f45a5-3375-4537-b80d-09f51f8eb3db'),
('7c7a2c53-ffdb-4e20-b9b7-652da42687c0', 'Tokyo', 'Night Owl', 'Lead', 'Networking', 'macOS', 'C++', '7601e043-d5cb-40dd-84a9-6d0ce87fb732'),
('454e7991-dddc-47b8-b051-769a36ec26b1', 'New York', 'Night Owl', 'Junior', 'Networking', 'macOS', 'Kotlin', '7507fb05-1396-47e7-997f-1fe2ba8d5e5a'),
('cb5856c2-1152-41e1-a571-fcf1c8eb8f2e', 'London', 'Night Owl', 'Mid', 'Mentor', 'macOS', 'JavaScript', '154ae4bc-1b3e-410e-a997-e09687067775'),
('236813b1-a2b1-4856-95ad-c0b587851321', 'Tokyo', 'Night Owl', 'Mid', 'Networking', 'Linux', 'Kotlin', '4a21698d-70c8-4d69-8378-b4bc8e693d52'),
('a9170d2a-f239-4109-a048-38dd875eda8f', 'San Francisco', 'Night Owl', 'Senior', 'Mentor', 'Linux', 'Rust', '488ee69b-e44c-46af-ad09-d4f72756c080'),
('b673f30f-6ea5-49b9-8679-7180e27cd31e', 'Toronto', 'Night Owl', 'Senior', 'Coding Buddy', 'Windows', 'Python', '7126e298-2179-4fc9-8a65-4f923ae42518'),
('b2c4d64a-c962-4b23-be93-f30fc0ba4dc7', 'London', 'Night Owl', 'Senior', 'Networking', 'Linux', 'Java', '57e80c0d-61f6-464f-821c-cd20074da1f7'),
('d5b750e0-aae2-4557-8262-a7bf67cad4d2', 'New York', 'Night Owl', 'Senior', 'Mentee', 'Windows', 'Python', '1178de7f-4e34-4241-adef-3891e5b298e0'),
('a8e34381-673f-47d5-bad5-9ebfb70b58ac', 'London', 'Night Owl', 'Senior', 'Mentor', 'macOS', 'JavaScript', '5501600e-e5dd-4ab6-b50a-dcb1defc45fa'),
('bfc6b840-ad65-4f00-bc03-d7fbb776276b', 'New York', 'Night Owl', 'Junior', 'Mentee', 'Windows', 'Rust', 'fcfa37af-c54b-4aef-a1c7-6a8de1ca26a5'),
('58cbf614-fdae-42ba-8141-8224c1c909c5', 'Berlin', 'Night Owl', 'Lead', 'Coding Buddy', 'Linux', 'C#', '53daea5b-d7a0-46c3-9bfd-0baa04904276'),
('7ef83c13-8364-47cb-8480-4918b473b12a', 'New York', 'Night Owl', 'Junior', 'Mentor', 'Linux', 'Kotlin', '1da7190f-1ca9-4ae9-8c8a-5603ad08d60c'),
('f288b9a7-8e09-4e70-8487-278ef88a0b91', 'London', 'Night Owl', 'Junior', 'Mentor', 'macOS', 'Java', '3c44e81e-0af8-4474-bfa8-8b9d4c1db264'),
('814e97c3-7391-4994-a9dd-b3ab56fc15ef', 'London', 'Night Owl', 'Junior', 'Mentor', 'Linux', 'JavaScript', 'cc07297c-fe7f-4348-85cd-1581eda1434c'),
('2d5e256b-522b-4746-9c59-8c137ef59ee2', 'San Francisco', 'Night Owl', 'Junior', 'Coding Buddy', 'macOS', 'Kotlin', '5f13275a-918f-48d1-8555-ce1b09fe25fa'),
('593597ad-f6ad-4b90-8567-b79a08d047a4', 'New York', 'Night Owl', 'Mid', 'Networking', 'macOS', 'JavaScript', 'f860faed-38b0-4e7e-8cfc-8ab604f50236'),
('b093fc8f-fda3-44ac-bb2a-6df142989e05', 'New York', 'Night Owl', 'Mid', 'Mentee', 'Windows', 'C++', '6cea198c-f5d0-4b60-8a01-5ea45d8567b8'),
('8c385282-84d9-4d2a-9148-b7a0d3969e2d', 'Toronto', 'Night Owl', 'Mid', 'Mentee', 'Windows', 'Go', '79aaf818-d358-4ccd-82be-b3dcbc0f7e5f'),
('be0abda3-6ab5-4648-bb6d-70a7e9834745', 'Toronto', 'Night Owl', 'Mid', 'Networking', 'Windows', 'TypeScript', 'd66f65ab-908a-4d4c-a179-758ace73b65a'),
('7bbdba58-b36f-4e1c-84b2-b6399aed4fab', 'Austin', 'Night Owl', 'Mid', 'Mentee', 'Windows', 'Rust', 'd9c814db-95da-4bd2-b110-bbbe34849340'),
('501931e3-5acc-4601-a56e-2ffa57459286', 'San Francisco', 'Night Owl', 'Lead', 'Mentee', 'Linux', 'Go', '6bea0119-bfd8-404c-8c80-da85a4d61701'),
('e375abe7-7e7b-4c47-aa3f-5864122d25e8', 'Berlin', 'Night Owl', 'Lead', 'Networking', 'Linux', 'Python', 'dee0e26f-0c5c-408f-ac15-38e48fc7c14a'),
('e6d5e5f7-ad01-4af9-9d27-817e378dca4a', 'Berlin', 'Night Owl', 'Senior', 'Mentee', 'Windows', 'Go', '1b4f64aa-97a6-411e-96f8-d37475b76dd7'),
('bfcb7ffd-2740-4ae4-a634-cb60849d433b', 'Tokyo', 'Night Owl', 'Lead', 'Mentor', 'Linux', 'Python', 'c57bb913-8687-4994-80db-5d96183a20e7'),
('e291df37-0439-48f1-8189-f1550a4b6442', 'Berlin', 'Night Owl', 'Mid', 'Mentee', 'Linux', 'Kotlin', '69b5a978-a775-411c-ad55-4ef355e9b925'),
('e8275005-0b41-419a-897f-3088bf12e2de', 'London', 'Night Owl', 'Lead', 'Networking', 'Windows', 'Go', 'e1542603-338b-41ae-be7d-f50be2c1dcee'),
('84cbba12-6742-4989-a6ca-00ad8265d380', 'London', 'Night Owl', 'Junior', 'Mentee', 'macOS', 'C#', 'a89802ac-e545-4026-b262-614ae4669a3a'),
('fb1bb509-2599-467c-beb4-b82f9dcb311c', 'San Francisco', 'Night Owl', 'Junior', 'Mentor', 'Linux', 'Python', '93c1af49-b296-4f16-8cc1-0d9117a07426'),
('0416465d-fa6e-4ca9-b8f2-24ce55329bb0', 'London', 'Night Owl', 'Mid', 'Coding Buddy', 'Linux', 'Java', 'c1aab590-89b1-4fbb-b6a6-b0eee50d7ea2'),
('3528b661-30be-4506-966b-d312d19bfb7a', 'Berlin', 'Night Owl', 'Lead', 'Networking', 'Linux', 'Rust', '7d534ae7-7372-4a32-897b-f2a8003f5327'),
('2c7366b4-6690-439f-8ce6-076ee6a037e0', 'London', 'Night Owl', 'Lead', 'Coding Buddy', 'Windows', 'JavaScript', 'c3febd36-6c1c-4fe9-89c6-f0182ee389cd'),
('aab0754d-676b-4651-b670-b51a33d5a432', 'Toronto', 'Night Owl', 'Lead', 'Coding Buddy', 'Windows', 'JavaScript', 'f902903a-6803-45e0-9e46-dee1bc36124d'),
('33f7ae65-27af-4533-8ac4-a08af26ce4ca', 'Berlin', 'Night Owl', 'Junior', 'Networking', 'Windows', 'Go', 'e9eb1a7b-9a02-44c3-babb-f5a5b6791647'),
('52501dd5-d35c-45ca-979f-2fc6c851b66c', 'Tokyo', 'Night Owl', 'Lead', 'Networking', 'macOS', 'C#', 'd3db7d94-3b83-4026-9013-ddaca1eb085f'),
('a186e0db-abe8-4874-8f15-605e9967c6a9', 'Tokyo', 'Night Owl', 'Senior', 'Coding Buddy', 'macOS', 'Kotlin', '9c75ac14-ae34-43c8-a9ac-8194db2a39b7'),
('e3f9e669-b303-44d9-8253-e504996c330f', 'Berlin', 'Night Owl', 'Lead', 'Mentor', 'Windows', 'Go', 'f3001a40-211d-4acd-b72b-941d6114c5fe'),
('04442e09-9897-4d46-ad69-d1dcba673732', 'Berlin', 'Night Owl', 'Senior', 'Mentor', 'Windows', 'C#', '776dcb02-2757-46b6-913f-aa21f6d97ef4'),
('90cb182c-953c-4efa-9896-65bf6f4e8807', 'Toronto', 'Night Owl', 'Lead', 'Networking', 'macOS', 'Java', 'a7674272-4afa-484d-a221-4eb960ddd93b'),
('918d56f7-13bc-4689-be04-b8ec65fed8bb', 'Berlin', 'Night Owl', 'Lead', 'Networking', 'macOS', 'Java', 'd034681b-77fa-41d8-8d29-781a54941d15'),
('fc9fa96d-f127-4076-9dfa-2d068c3d5126', 'London', 'Night Owl', 'Senior', 'Networking', 'Windows', 'C#', '068832e8-7e15-4f57-a07f-5685dde61984');
COMMIT;